<?xml version="1.0" encoding="UTF-8"?>
<ti:app xmlns:ti="http://ti.appcelerator.org">
  <id>appcelerator.PinExample</id>
  <name>PinExample</name>
  <version>1.0</version>
  <guid>55f79537-7456-4785-a728-e2fda9abc585</guid>
  <modules>
    <module platform="iphone">appcelerator.https</module> 
  </modules>
  <deployment-targets>
	<target device="android">true</target>
	<target device="ipad">true</target>
	<target device="iphone">true</target>
  </deployment-targets>
  <sdk-version>3.3.0</sdk-version>
</ti:app>
